date,time,team,opp,overunder,margin
2017-01-15,3:00p,nyk,tor,219.272727272727,-10.0454545454545
2017-01-15,3:00p,mil,atl,205.863636363636,-4
2017-01-15,2:00p,min,dal,197.909090909091,-1.14285714285714
2017-01-15,6:00p,hou,bos,234.090909090909,-13.7272727272727
2017-01-15,9:00p,chi,mem,192.909090909091,-8.36363636363636
2017-01-15,9:00p,okc,sac,213.545454545455,-1.65
2017-01-15,9:30p,det,lal,213.181818181818,-2
2017-01-14,3:30p,lal,lac,219.5,-11.3181818181818
2017-01-14,5:00p,nor,chi,206.045454545455,-3.36363636363636
2017-01-14,6:00p,sas,pho,213.181818181818,-12.2727272727273
2017-01-14,8:00p,phi,was,210.090909090909,-9.90909090909091
2017-01-14,9:00p,orl,uta,194.5,-11.3636363636364
2017-01-13,7:00p,cha,phi,208.227272727273,-5.04545454545455
2017-01-13,7:30p,bos,tor,224.409090909091,-15.2727272727273
2017-01-13,8:00p,bkn,atl,212.136363636364,-3.36363636363636
2017-01-13,8:00p,mia,mil,204.681818181818,-7.5
2017-01-13,8:00p,mem,hou,216.227272727273,-7.40909090909091
2017-01-13,8:00p,okc,min,208.272727272727,-2
2017-01-13,10:00p,orl,por,213.409090909091,-7.18181818181818
2017-01-13,10:30p,det,uta,191.045454545455,-10.9545454545455
2017-01-13,10:30p,cle,sac,214.409090909091,-6.45454545454545
2017-01-12,3:00p,ind,den,225.681818181818,-4.5
2017-01-12,7:30p,nor,bos,214.545454545455,-2.68181818181818
2017-01-12,8:00p,chi,nyk,207.363636363636,-3.18181818181818
2017-01-12,8:30p,lal,sas,212.227272727273,-14.1818181818182
2017-01-12,10:00p,dal,pho,207.590909090909,-2.31818181818182
2017-01-12,10:30p,det,gsw,218.454545454545,-13.4545454545455
2017-01-11,7:00p,nyk,phi,210.954545454545,-2.04545454545455
2017-01-11,8:00p,was,bkn,217.772727272727,-5.5
2017-01-11,8:00p,mem,okc,203.954545454545,-4.68181818181818
2017-01-11,8:00p,hou,min,218.5,-3.31818181818182
2017-01-11,10:30p,cle,por,222,-5.04545454545455
2017-01-11,10:30p,orl,lac,208.909090909091,-9.95454545454546
2017-01-10,7:00p,chi,was,203.909090909091,-11.5
2017-01-10,7:30p,bkn,tor,218.136363636364,-5.22727272727273
2017-01-10,7:30p,atl,bos,216.590909090909,-8.36363636363636
2017-01-10,8:00p,cha,hou,225.818181818182,-9
2017-01-10,8:30p,mil,sas,202.954545454545,-9.95454545454546
2017-01-10,9:00p,cle,uta,203.272727272727,-1.55
2017-01-10,10:30p,por,lal,228.363636363636,-2.31818181818182
2017-01-10,10:30p,mia,gsw,218.181818181818,-14.7272727272727
2017-01-10,10:30p,det,sac,206.181818181818,-2.81818181818182
2017-01-09,7:30p,nor,nyk,213.818181818182,-3.09090909090909
2017-01-09,8:00p,dal,min,196.772727272727,-4.59090909090909
2017-01-09,8:00p,okc,chi,209.181818181818,-1
2017-01-08,12:00p,phi,bos,215.727272727273,-1.3
2017-01-08,3:30p,mia,lac,206.954545454545,-9.27272727272727
2017-01-08,2:00p,was,mil,210.954545454545,-1.5
2017-01-08,6:00p,hou,tor,227.181818181818,-2.13636363636364
2017-01-08,8:00p,uta,mem,187.727272727273,-2.45454545454545
2017-01-08,8:30p,cle,pho,221.545454545455,-8.68181818181818
2017-01-08,9:00p,gsw,sac,225.681818181818,-11.5909090909091
2017-01-08,9:30p,orl,lal,216.909090909091,-2.45454545454545
2017-01-08,9:00p,det,por,213.636363636364,-3.5
2017-01-07,7:00p,nyk,ind,216.636363636364,-6.81818181818182
2017-01-07,7:30p,nor,bkn,211.909090909091,-6.22727272727273
2017-01-07,8:00p,uta,min,193.681818181818,-4.40909090909091
2017-01-07,8:00p,den,okc,220.590909090909,-8.31818181818182
2017-01-07,8:00p,tor,chi,206.954545454545,-1.5
2017-01-07,8:30p,atl,dal,197.409090909091,-1.18181818181818
2017-01-07,8:30p,cha,sas,208.409090909091,-10.8636363636364
2017-01-07,10:00p,det,por,214.227272727273,-3.54545454545455
2017-01-06,7:00p,min,was,211.363636363636,-4.81818181818182
2017-01-06,7:00p,hou,orl,223.909090909091,-5.13636363636364
2017-01-06,7:30p,cle,bos,221.181818181818,-13.1363636363636
2017-01-06,7:30p,phi,bkn,212.227272727273,-11.1818181818182
2017-01-06,8:00p,nyk,mil,213.545454545455,-5.22727272727273
2017-01-06,10:30p,mia,lal,213.227272727273,-2.59090909090909
2017-01-06,10:30p,mem,gsw,215.863636363636,-13.7272727272727
2017-01-06,10:30p,lac,sac,211.954545454545,-2.36363636363636
2017-01-05,7:00p,bos,ind,218.954545454545,-10.5454545454545
2017-01-05,7:30p,uta,tor,197.818181818182,-4.72727272727273
2017-01-05,7:30p,cha,det,207.363636363636,-4.95454545454545
2017-01-05,8:00p,okc,hou,227.136363636364,-7.90909090909091
2017-01-05,8:00p,atl,nor,208.681818181818,-2
2017-01-05,8:30p,pho,dal,206.045454545455,-5.45454545454545
2017-01-05,10:30p,lal,por,221.227272727273,-6.27272727272727
2017-01-05,9:00p,sas,den,213.227272727273,-6.95454545454545
2017-01-04,7:00p,atl,orl,207,-2.13636363636364
2017-01-04,7:00p,okc,cha,208.863636363636,-2.09090909090909
2017-01-04,7:30p,mil,nyk,212.863636363636,-3.35
2017-01-04,8:00p,chi,cle,204.318181818182,-4.45454545454545
2017-01-04,10:30p,mem,lac,196.954545454545,-1.5
2017-01-04,10:30p,por,gsw,223.227272727273,-16.1363636363636
2017-01-04,10:30p,mia,sac,204.5,-7.72727272727273
2017-01-03,7:00p,min,phi,205.863636363636,-4.81818181818182
2017-01-03,7:30p,uta,bkn,199.727272727273,-5.54545454545455
2017-01-03,7:30p,ind,det,204.818181818182,-4.90909090909091
2017-01-03,8:30p,tor,sas,206.818181818182,-6
2017-01-03,8:30p,was,dal,201.818181818182,-1.15
2017-01-03,9:00p,mia,pho,212.272727272727,-4.90909090909091
2017-01-03,9:00p,sac,den,214.636363636364,-3.85
2017-01-03,10:30p,mem,lal,206.818181818182,-4.86363636363636
2017-01-02,7:00p,nor,cle,217.636363636364,-9.13636363636364
2017-01-02,7:00p,okc,mil,213.5,-1.77272727272727
2017-01-02,7:30p,uta,bos,206.272727272727,-6.40909090909091
2017-01-02,7:30p,orl,nyk,210.454545454545,-3.86363636363636
2017-01-02,8:00p,was,hou,230.590909090909,-7.68181818181818
2017-01-02,8:00p,cha,chi,199.545454545455,-1.40909090909091
2017-01-02,10:30p,den,gsw,231.727272727273,-15.5454545454545
2017-01-02,10:30p,pho,lac,213.318181818182,-4.63636363636364
2017-01-01,6:00p,orl,ind,209.318181818182,-6
2017-01-01,6:00p,det,mia,198.181818181818,-6.22727272727273
2017-01-01,6:00p,sas,atl,199.818181818182,-4.86363636363636
2017-01-01,7:00p,por,min,208.272727272727,-6.22727272727273
2017-01-01,9:30p,tor,lal,217.863636363636,-7.86363636363636
2016-12-31,5:00p,mem,sac,195.545454545455,-2
2016-12-31,7:00p,cle,cha,210.136363636364,-1.3125
2016-12-31,7:00p,mil,chi,202.863636363636,-3.09090909090909
2016-12-31,8:00p,nyk,hou,224.272727272727,-12.2272727272727
2016-12-31,8:00p,pho,uta,207.181818181818,-11.4090909090909
2016-12-31,8:00p,lac,okc,209.772727272727,-8.86363636363636
2016-12-30,4:00p,chi,ind,202.272727272727,-4
2016-12-30,7:00p,bos,was,219.818181818182,-7.63636363636364
2016-12-30,7:30p,mia,bkn,203.272727272727,-9.5
2016-12-30,8:00p,det,atl,199.227272727273,-2.59090909090909
2016-12-30,8:00p,mil,min,209.136363636364,-1.5
2016-12-30,8:00p,nyk,nor,215.272727272727,-3.22727272727273
2016-12-30,8:00p,lac,hou,217,-10.0454545454545
2016-12-30,8:30p,por,sas,202.727272727273,-10.1818181818182
2016-12-30,9:00p,phi,den,213.318181818182,-10.0909090909091
2016-12-30,10:30p,dal,gsw,213.772727272727,-18.4090909090909
2016-12-29,7:00p,mia,cha,203.681818181818,-6.04545454545455
2016-12-29,8:00p,bkn,cle,216.954545454545,-6.22727272727273
2016-12-29,8:00p,okc,mem,197.681818181818,-1.18181818181818
2016-12-29,9:00p,phi,uta,196.545454545455,-14.1363636363636
2016-12-29,9:00p,tor,pho,222.363636363636,-8.5
2016-12-29,10:30p,dal,lal,204.909090909091,-4.04545454545455
2016-12-28,7:00p,ind,was,214.409090909091,-4.09090909090909
2016-12-28,7:00p,cha,orl,204.5,-4.22727272727273
2016-12-28,7:30p,mil,det,203.363636363636,-3.5
2016-12-28,7:30p,nyk,atl,211.090909090909,-4.90909090909091
2016-12-28,8:00p,bos,chi,213.681818181818,-9.59090909090909
2016-12-28,8:00p,lac,nor,208.818181818182,-1.375
2016-12-28,8:30p,pho,sas,214.090909090909,-11.2727272727273
2016-12-28,9:00p,min,den,216.863636363636,-4.09090909090909
2016-12-28,10:00p,sac,por,206.818181818182,-2
2016-12-28,10:30p,tor,gsw,227.590909090909,-9.59090909090909
2016-12-27,7:30p,mem,bkn,197.954545454545,-7.45454545454545
2016-12-27,7:30p,okc,mia,203.318181818182,-4.45454545454545
2016-12-27,8:30p,hou,dal,209.318181818182,-5
2016-12-27,10:30p,uta,lal,203.590909090909,-5.45454545454545
2016-12-26,7:00p,mem,orl,193.363636363636,-2.95454545454545
2016-12-26,7:00p,mil,was,213.136363636364,-3.63636363636364
2016-12-26,7:30p,cle,det,204.454545454545,-5.63636363636364
2016-12-26,7:30p,cha,bos,217.409090909091,-6.68181818181818
2016-12-26,8:00p,dal,nor,199.454545454545,-4.54545454545455
2016-12-26,8:00p,pho,hou,229.772727272727,-12.2727272727273
2016-12-26,8:00p,atl,min,208.818181818182,-2.09090909090909
2016-12-26,8:00p,ind,chi,205.636363636364,-2.31818181818182
2016-12-26,10:00p,tor,por,215.727272727273,-7.77272727272727
2016-12-26,10:30p,phi,sac,205.590909090909,-8.81818181818182
2016-12-26,10:30p,den,lac,208.681818181818,-4.55
2016-12-25,12:00p,bkn,nyk,211.090909090909,-2
2016-12-25,2:30p,gsw,cle,219.909090909091,-3.40909090909091
2016-12-25,5:00p,chi,sas,199.227272727273,-8.68181818181818
2016-12-25,8:00p,min,okc,211.363636363636,-4.04545454545455
2016-12-25,10:30p,lac,lal,210.454545454545,-2.95454545454545
2016-12-23,7:00p,chi,cha,205.181818181818,-4.36363636363636
2016-12-23,7:00p,lal,orl,209.863636363636,-4.45454545454545
2016-12-23,7:30p,gsw,det,214.181818181818,-7.68181818181818
2016-12-23,7:30p,bos,cle,224.818181818182,-16.5909090909091
2016-12-23,7:30p,okc,bkn,211.227272727273,-5.5
2016-12-23,8:00p,was,mil,214.5,-3.27272727272727
2016-12-23,8:00p,mia,nor,205.909090909091,-4.77272727272727
2016-12-23,8:00p,hou,mem,205.727272727273,-3.54545454545455
2016-12-23,8:00p,sac,min,206.409090909091,-4.68181818181818
2016-12-23,9:00p,phi,pho,212.5,-5.72727272727273
2016-12-23,9:00p,atl,den,217.409090909091,-5.63636363636364
2016-12-23,9:00p,tor,uta,198.590909090909,-1.1
2016-12-23,10:00p,sas,por,211.590909090909,-2.09090909090909
2016-12-23,10:30p,dal,lac,194.954545454545,-3.95454545454545
2016-12-22,7:30p,orl,nyk,210.227272727273,-4.36363636363636
2016-12-22,8:00p,lal,mia,211.454545454545,-5.77272727272727
2016-12-22,7:30p,gsw,bos,231.045454545455,-13.4090909090909
2016-12-22,7:00p,bkn,ind,208.954545454545,-1.22727272727273
2016-12-22,10:30p,sas,lac,205.409090909091,-2
2016-12-21,7:00p,mil,cle,207.727272727273,-6.72727272727273
2016-12-21,7:30p,mem,det,188.363636363636,-6.09090909090909
2016-12-21,7:30p,min,atl,215.636363636364,-4.13636363636364
2016-12-21,8:00p,was,chi,209.227272727273,-4.09090909090909
2016-12-21,8:00p,okc,nor,209.136363636364,-1.68181818181818
2016-12-21,9:00p,hou,pho,227.318181818182,-6
2016-12-21,9:00p,sac,uta,193.636363636364,-7.90909090909091
2016-12-21,10:00p,dal,por,210.045454545455,-6.09090909090909
2016-12-20,7:00p,nor,phi,206.090909090909,-3.31818181818182
2016-12-20,7:00p,lal,cha,212.727272727273,-8.72727272727273
2016-12-20,7:30p,bos,tor,224.636363636364,-15.3181818181818
2016-12-20,7:30p,orl,mia,198.818181818182,-3.59090909090909
2016-12-20,7:30p,ind,nyk,210.454545454545,-4.68181818181818
2016-12-20,8:00p,bkn,mem,194.409090909091,-2.04545454545455
2016-12-20,8:00p,cle,mil,212.454545454545,-3.45454545454545
2016-12-20,8:00p,sas,hou,213.545454545455,-1.2
2016-12-20,10:30p,por,sac,217.136363636364,-1.13636363636364
2016-12-20,10:30p,den,lac,217.5,-7.86363636363636
2016-12-20,10:30p,uta,gsw,210.454545454545,-12.5454545454545
2016-12-19,7:00p,was,ind,211.363636363636,-4.95454545454545
2016-12-19,8:00p,atl,okc,211.454545454545,-3.09090909090909
2016-12-19,8:00p,det,chi,196.818181818182,-2.31818181818182
2016-12-19,8:00p,pho,min,213.636363636364,-5.90909090909091
2016-12-19,9:00p,dal,den,206.772727272727,-8.13636363636364
2016-12-18,3:30p,lac,was,212.863636363636,-5.40909090909091
2016-12-18,6:00p,bos,phi,215.5,-1.5
2016-12-18,6:00p,bkn,mia,202.590909090909,-4.18181818181818
2016-12-18,6:00p,tor,orl,212.090909090909,-5.68181818181818
2016-12-18,6:00p,uta,mem,185.590909090909,-1.40909090909091
2016-12-18,4:00p,sac,dal,194.272727272727,-1.0625
2016-12-18,7:00p,nor,sas,207.318181818182,-12
2016-12-17,5:00p,pho,okc,215.363636363636,-6.54545454545455
2016-12-17,7:00p,ind,det,200.818181818182,-4.68181818181818
2016-12-17,7:30p,lal,cle,219,-15.2727272727273
2016-12-17,7:30p,cha,atl,208.136363636364,-2.45454545454545
2016-12-17,8:00p,hou,min,220.863636363636,-2.81818181818182
2016-12-17,9:00p,nyk,den,215.5,-3.86363636363636
2016-12-17,10:30p,por,gsw,234.090909090909,-14.0454545454545
2016-12-16,7:00p,bos,orl,216.954545454545,-6.90909090909091
2016-12-16,7:00p,det,was,205.090909090909,-1.55
2016-12-16,7:30p,atl,tor,213.909090909091,-6.77272727272727
2016-12-16,7:30p,cha,bkn,207.454545454545,-6.22727272727273
2016-12-16,8:00p,mil,chi,204.5,-5.68181818181818
2016-12-16,8:00p,sac,mem,193.318181818182,-4.90909090909091
2016-12-16,8:00p,nor,hou,224.227272727273,-11.7727272727273
2016-12-16,8:00p,lal,phi,210.636363636364,-1.16666666666667
2016-12-16,8:00p,lac,mia,206.181818181818,-7.72727272727273
2016-12-16,10:30p,dal,uta,185.545454545455,-11.0909090909091
2016-12-15,8:00p,ind,nor,209.136363636364,-2.68181818181818
2016-12-15,8:00p,chi,mil,206.818181818182,-1.1
2016-12-15,9:00p,sas,pho,211.181818181818,-7.95454545454545
2016-12-15,9:00p,por,den,221.772727272727,-2.54545454545455
2016-12-15,10:30p,nyk,gsw,222.727272727273,-17.0909090909091
2016-12-14,7:00p,ind,mia,204.272727272727,-1.25
2016-12-14,7:00p,tor,phi,205.454545454545,-7.95454545454545
2016-12-14,7:00p,lac,orl,210.045454545455,-8.36363636363636
2016-12-14,7:00p,cha,was,211.272727272727,-2
2016-12-14,7:30p,lal,bos,227.863636363636,-1.18181818181818
2016-12-14,8:00p,cle,mem,189.909090909091,-6.90909090909091
2016-12-14,8:00p,sac,hou,213.318181818182,-13.1818181818182
2016-12-14,8:30p,det,dal,190.636363636364,-5
2016-12-14,9:00p,okc,uta,198.863636363636,-7.13636363636364
2016-12-14,9:30p,bkn,sas,197.090909090909,-6.13636363636364
2016-12-13,7:00p,mem,cle,201.727272727273,-14.4090909090909
2016-12-13,7:30p,orl,atl,201.318181818182,-8.27272727272727
2016-12-13,8:00p,min,chi,207.818181818182,-5.86363636363636
2016-12-13,8:00p,gsw,nor,224.954545454545,-11.1818181818182
2016-12-13,9:00p,nyk,pho,218.863636363636,-2.04545454545455
2016-12-13,10:30p,okc,por,218.954545454545,-1.95454545454545
2016-12-12,7:00p,cha,ind,208.590909090909,-1.45454545454545
2016-12-12,7:30p,mil,tor,212.818181818182,-8.09090909090909
2016-12-12,7:30p,was,mia,207.681818181818,-1.31818181818182
2016-12-12,8:00p,bos,hou,229.318181818182,-13.7272727272727
2016-12-12,8:30p,den,dal,203.727272727273,-2.36363636363636
2016-12-12,10:30p,lal,sac,216.727272727273,-8.54545454545454
2016-12-12,10:30p,por,lac,219.090909090909,-10
2016-12-11,6:00p,phi,det,198.045454545455,-11.9545454545455
2016-12-11,7:00p,bkn,okc,207.5,-3.27272727272727
2016-12-11,7:00p,gsw,min,225.727272727273,-10.1818181818182
2016-12-11,8:30p,nor,pho,215.636363636364,-2.13636363636364
2016-12-11,9:30p,nyk,lal,217,-2.54545454545455
2016-12-10,7:00p,den,orl,205.318181818182,-2.04545454545455
2016-12-10,7:00p,mil,was,209.954545454545,-4.36363636363636
2016-12-10,7:00p,por,ind,217.136363636364,-1.21428571428571
2016-12-10,7:30p,cha,cle,214,-7.72727272727273
2016-12-10,8:00p,dal,hou,208.772727272727,-12.5
2016-12-10,8:00p,mia,chi,200.681818181818,-9.40909090909091
2016-12-10,8:00p,gsw,mem,211.5,-12.8181818181818
2016-12-10,8:30p,bos,sas,210.590909090909,-15.5909090909091
2016-12-10,9:00p,sac,uta,196.5,-6.04545454545455
2016-12-10,10:30p,nor,lac,200.545454545455,-14.9545454545455
2016-12-09,7:00p,orl,cha,203,-6.59090909090909
2016-12-09,7:30p,mia,cle,207.863636363636,-12.0909090909091
2016-12-09,7:30p,tor,bkn,207.590909090909,-2.31818181818182
2016-12-09,8:00p,atl,mil,205.636363636364,-3.09090909090909
2016-12-09,8:00p,det,min,203.090909090909,-3.31818181818182
2016-12-09,8:00p,hou,okc,224.181818181818,-1.68181818181818
2016-12-09,8:30p,ind,dal,199.5,-3.63636363636364
2016-12-09,10:30p,nyk,sac,210.409090909091,-5.36363636363636
2016-12-09,10:30p,pho,lal,221.590909090909,-1.63636363636364
2016-12-08,7:00p,den,was,217.318181818182,-5.40909090909091
2016-12-08,7:00p,min,tor,213.818181818182,-9.31818181818182
2016-12-08,8:00p,por,mem,205.136363636364,-2.31818181818182
2016-12-08,8:00p,phi,nor,205,-6.5
2016-12-08,9:00p,gsw,uta,208.272727272727,-10.9090909090909
2016-12-08,9:30p,sas,chi,200.681818181818,-3.45454545454545
2016-12-07,7:00p,det,cha,202.181818181818,-5.27272727272727
2016-12-07,7:00p,bkn,orl,195.954545454545,-1.36363636363636
2016-12-07,7:30p,den,bos,221.318181818182,-4.68181818181818
2016-12-07,7:30p,mia,atl,203.136363636364,-8.77272727272727
2016-12-07,8:00p,lal,hou,222.681818181818,-13.2272727272727
2016-12-07,8:00p,cle,nyk,213.954545454545,-7.90909090909091
2016-12-07,8:00p,por,mil,215,-1.63636363636364
2016-12-07,8:30p,sac,dal,196.5,-3.13636363636364
2016-12-07,9:00p,ind,pho,215.227272727273,-3.95454545454545
2016-12-07,10:30p,gsw,lac,224.454545454545,-4.04545454545455
2016-12-06,7:00p,orl,was,200.136363636364,-3.09090909090909
2016-12-06,7:30p,chi,det,200.727272727273,-5.45454545454545
2016-12-06,7:30p,nyk,mia,205.227272727273,-1.38888888888889
2016-12-06,8:00p,phi,mem,194.636363636364,-7.45454545454545
2016-12-06,8:00p,sas,min,205.5,-4.27272727272727
2016-12-06,9:00p,pho,uta,204.272727272727,-7.04545454545455
2016-12-05,7:00p,den,phi,210.227272727273,-3.68181818181818
2016-12-05,7:30p,okc,atl,212.045454545455,-4.25
2016-12-05,7:30p,cle,tor,214.590909090909,-1.95
2016-12-05,7:30p,was,bos,217.909090909091,-6.5
2016-12-05,8:00p,mem,nor,196.318181818182,-4.36363636363636
2016-12-05,8:00p,por,chi,212.681818181818,-4.09090909090909
2016-12-05,8:00p,sas,mil,202.772727272727,-6.09090909090909
2016-12-05,8:00p,bkn,hou,217.818181818182,-5.45454545454545
2016-12-05,8:30p,cha,dal,193.272727272727,-3.72727272727273
2016-12-05,10:30p,uta,lal,198.363636363636,-4.27272727272727
2016-12-05,10:30p,ind,gsw,224.045454545455,-15.0909090909091
2016-12-04,6:00p,orl,det,195.227272727273,-7.22727272727273
2016-12-04,7:00p,nor,okc,214.409090909091,-6.09090909090909
2016-12-04,7:30p,sac,nyk,209.318181818182,-1.68181818181818
2016-12-04,9:30p,ind,lac,207.363636363636,-11.3636363636364
2016-12-03,5:00p,bos,mil,214.545454545455,-9.90909090909091
2016-12-03,7:00p,min,cha,209.954545454545,-5.95454545454545
2016-12-03,7:30p,atl,tor,206.727272727273,-8.45454545454546
2016-12-03,7:30p,bkn,phi,206.954545454545,-9.59090909090909
2016-12-03,8:00p,lal,mem,198.5,-2.36363636363636
2016-12-03,8:30p,chi,dal,190.045454545455,-3.77272727272727
2016-12-03,9:00p,den,uta,200.545454545455,-7.09090909090909
2016-12-03,10:00p,mia,por,214.818181818182,-6
2016-12-03,10:30p,pho,gsw,227.909090909091,-16.5909090909091
2016-12-02,7:00p,orl,phi,198.590909090909,-1.08333333333333
2016-12-02,7:30p,lal,tor,214.5,-9.81818181818182
2016-12-02,7:30p,sac,bkn,210.409090909091,-6.18181818181818
2016-12-02,7:30p,min,nyk,211,-2.68181818181818
2016-12-02,8:00p,det,atl,198.772727272727,-1.68181818181818
2016-12-02,8:00p,cle,chi,209.590909090909,-1.77272727272727
2016-12-02,8:00p,lac,nor,205.863636363636,-4.18181818181818
2016-12-02,8:30p,was,sas,203.954545454545,-9
2016-12-02,10:30p,hou,den,221.318181818182,-3.36363636363636
2016-12-01,7:00p,dal,cha,193.045454545455,-11.9545454545455
2016-12-01,7:30p,mil,bos,215.363636363636,-5.45454545454545
2016-12-01,8:00p,lac,cle,215.181818181818,-3.77272727272727
2016-12-01,8:00p,orl,mem,190.227272727273,-3.77272727272727
2016-12-01,9:00p,mia,uta,186.909090909091,-7.04545454545455
2016-12-01,10:30p,hou,gsw,232.181818181818,-11.3636363636364
2016-11-30,7:30p,mem,tor,195,-12.9090909090909
2016-11-30,7:30p,det,bkn,200.136363636364,-6.59090909090909
2016-11-30,8:00p,was,okc,215.818181818182,-5.09090909090909
2016-11-30,8:00p,nyk,min,211.454545454545,-3.59090909090909
2016-11-30,8:00p,lal,chi,209.681818181818,-10.5
2016-11-30,8:30p,sas,dal,187.545454545455,-8.86363636363636
2016-11-30,9:00p,mia,den,207.636363636364,-6.31818181818182
2016-11-30,9:00p,atl,pho,211,-3.72727272727273
2016-11-30,10:00p,ind,por,209.409090909091,-7.45454545454545
2016-11-30,7:00p,sac,phi,204.954545454545,-4.68181818181818
2016-11-29,7:00p,det,cha,200,-3.77272727272727
2016-11-29,7:30p,lac,bos,212.772727272727,-10.9090909090909
2016-11-29,8:00p,cle,mil,213.181818181818,-7.27272727272727
2016-11-29,8:00p,lal,nor,218.181818181818,-5.40909090909091
2016-11-29,8:30p,orl,sas,194.363636363636,-12.4090909090909
2016-11-29,9:00p,hou,uta,204.045454545455,-1.35714285714286
2016-11-28,7:00p,sac,was,209.863636363636,-5
2016-11-28,7:30p,phi,tor,207.272727272727,-15
2016-11-28,7:30p,okc,nyk,215.409090909091,-1
2016-11-28,7:30p,bkn,mia,200.818181818182,-4.13636363636364
2016-11-28,8:00p,uta,min,193.5,-2.90909090909091
2016-11-28,8:00p,cha,mem,197.545454545455,-2
2016-11-28,10:30p,atl,gsw,217.909090909091,-13.8636363636364
2016-11-27,1:00p,cle,phi,209.636363636364,-11.0454545454545
2016-11-27,3:30p,den,pho,213.409090909091,-2.40909090909091
2016-11-27,6:00p,sac,bos,219.363636363636,-4.90909090909091
2016-11-27,6:00p,mil,orl,196.454545454545,-1.77272727272727
2016-11-27,6:00p,lac,ind,206.454545454545,-11.6363636363636
2016-11-27,7:00p,nor,dal,197.136363636364,-5.15
2016-11-27,9:00p,hou,por,226.409090909091,-1.59090909090909
2016-11-27,9:30p,atl,lal,209.590909090909,-5.68181818181818
2016-11-26,7:00p,nyk,cha,207,-5.59090909090909
2016-11-26,7:00p,sas,was,204.909090909091,-5.77272727272727
2016-11-26,8:00p,det,okc,203.181818181818,-4.54545454545455
2016-11-26,8:00p,mem,mia,186.454545454545,-1.31818181818182
2016-11-26,10:30p,min,gsw,223.636363636364,-12.8181818181818
2016-11-25,1:00p,sas,bkn,201.272727272727,-3.68181818181818
2016-11-25,7:00p,was,orl,198.818181818182,-2.1
2016-11-25,7:30p,cha,nyk,210.136363636364,-1.77272727272727
2016-11-25,7:30p,dal,cle,201.454545454545,-13.1818181818182
2016-11-25,7:30p,lac,det,200.272727272727,-6.5
2016-11-25,7:30p,chi,phi,205.363636363636,-9.22727272727273
2016-11-25,8:00p,atl,uta,196,-3.45454545454545
2016-11-25,8:00p,tor,mil,207.818181818182,-3.5
2016-11-25,8:00p,mia,mem,185.5,-5.04545454545455
2016-11-25,8:00p,bos,ind,213.681818181818,-5.77272727272727
2016-11-25,9:00p,min,pho,214.181818181818,-2.25
2016-11-25,9:00p,okc,den,214.681818181818,-2.5
2016-11-25,10:00p,nor,por,217.636363636364,-4
2016-11-25,10:30p,hou,sac,216.636363636364,-3.5
2016-11-25,10:30p,gsw,lal,230.545454545455,-13.8636363636364
2016-11-23,7:00p,pho,orl,209.409090909091,-4.13636363636364
2016-11-23,7:00p,por,cle,219,-11.4545454545455
2016-11-23,7:00p,atl,ind,204.818181818182,-1.25
2016-11-23,7:00p,sas,cha,200.636363636364,-5.45454545454545
2016-11-23,7:00p,mem,phi,196.227272727273,-5.95454545454545
2016-11-23,7:30p,mia,det,188.818181818182,-4.68181818181818
2016-11-23,7:30p,bkn,bos,214.318181818182,-7.13636363636364
2016-11-23,8:00p,tor,hou,216.863636363636,-3.95454545454545
2016-11-23,8:30p,lac,dal,192.863636363636,-9.95454545454546
2016-11-23,9:00p,den,uta,198.318181818182,-7.54545454545455
2016-11-23,9:30p,min,nor,209.863636363636,-2.27272727272727
2016-11-23,10:30p,okc,sac,213.909090909091,-1.86363636363636
2016-11-23,10:30p,lal,gsw,230.045454545455,-17.8636363636364
2016-11-22,7:30p,nor,atl,208.909090909091,-8.09090909090909
2016-11-22,7:30p,por,nyk,216.909090909091,-1.45454545454545
2016-11-22,9:00p,chi,den,207.636363636364,-1.54545454545455
2016-11-22,10:30p,okc,lal,220,-3.18181818181818
2016-11-21,7:00p,pho,was,219.954545454545,-7.5
2016-11-21,7:00p,gsw,ind,218.681818181818,-14.3636363636364
2016-11-21,7:00p,mia,phi,201.227272727273,-4.36363636363636
2016-11-21,7:00p,mem,cha,197.863636363636,-5.40909090909091
2016-11-21,7:30p,hou,det,208.818181818182,-2.45454545454545
2016-11-21,8:00p,orl,mil,200.727272727273,-6.68181818181818
2016-11-21,8:00p,bkn,min,207.227272727273,-1.72727272727273
2016-11-21,8:30p,dal,sas,186.318181818182,-13.7727272727273
2016-11-21,10:30p,tor,lac,207.454545454545,-8.81818181818182
2016-11-20,12:00p,atl,nyk,208.5,-4.22727272727273
2016-11-20,3:30p,por,bos,219.181818181818,-4.5
2016-11-20,7:00p,ind,okc,210.863636363636,-9.5
2016-11-20,9:00p,uta,den,197.590909090909,-3.86363636363636
2016-11-20,9:00p,tor,sac,210.727272727273,-3.68181818181818
2016-11-20,9:30p,chi,lal,209.636363636364,-2.40909090909091
2016-11-19,5:00p,uta,hou,200.818181818182,-6.36363636363636
2016-11-19,7:00p,bkn,det,199.363636363636,-2
2016-11-19,7:00p,dal,orl,180.318181818182,-7.45454545454545
2016-11-19,7:00p,mia,was,199.045454545455,-4.63636363636364
2016-11-19,7:00p,cha,nor,206.090909090909,-2.13636363636364
2016-11-19,7:30p,pho,phi,211.363636363636,-1.86363636363636
2016-11-19,8:00p,min,mem,200.363636363636,-1.27272727272727
2016-11-19,8:30p,gsw,mil,218.954545454545,-9.13636363636364
2016-11-19,10:30p,chi,lac,203.5,-7.86363636363636
2016-11-18,7:00p,pho,ind,216.727272727273,-4.59090909090909
2016-11-18,7:00p,atl,cha,207.772727272727,-2.09090909090909
2016-11-18,7:30p,det,cle,203.045454545455,-8.72727272727273
2016-11-18,8:00p,bos,okc,216.636363636364,-9.72727272727273
2016-11-18,8:00p,gsw,bkn,225.090909090909,-8.40909090909091
2016-11-18,8:00p,por,nor,214,-1.2
2016-11-18,8:30p,mem,dal,186.136363636364,-3.75
2016-11-18,9:00p,tor,den,212.954545454545,-3.5
2016-11-18,10:30p,lac,sac,202.727272727273,-8.40909090909091
2016-11-18,10:30p,sas,lal,209.181818181818,-7.40909090909091
2016-11-17,7:00p,nyk,was,208.227272727273,-5.04545454545455
2016-11-17,7:30p,mil,mia,201.772727272727,-3.95454545454545
2016-11-17,8:00p,por,hou,220.772727272727,-5
2016-11-17,8:00p,phi,min,211.5,-11.5454545454545
2016-11-17,10:30p,chi,uta,192.954545454545,-2.77272727272727
2016-11-16,7:00p,cle,ind,208.545454545455,-2.72727272727273
2016-11-16,7:00p,nor,orl,199.454545454545,-6.72727272727273
2016-11-16,7:00p,was,phi,204.045454545455,-6.72727272727273
2016-11-16,7:30p,mil,atl,210.409090909091,-5.31818181818182
2016-11-16,7:30p,dal,bkn,199.590909090909,-6.31818181818182
2016-11-16,7:30p,det,nyk,200.681818181818,-1.77272727272727
2016-11-16,8:00p,gsw,tor,222.409090909091,-6
2016-11-16,8:00p,hou,okc,218.909090909091,-2.40909090909091
2016-11-16,9:00p,pho,den,219.636363636364,-4.59090909090909
2016-11-16,10:30p,sas,sac,197.636363636364,-5.72727272727273
2016-11-16,10:30p,mem,lac,200.772727272727,-12.4545454545455
2016-11-15,7:00p,tor,cle,210.090909090909,-6.04545454545455
2016-11-15,7:30p,atl,mia,198.954545454545,-6.59090909090909
2016-11-15,8:00p,cha,min,205.409090909091,-1.04545454545455
2016-11-15,10:00p,chi,por,210.727272727273,-4.40909090909091
2016-11-15,10:30p,bos,lal,219.181818181818,-7.09090909090909
2016-11-14,7:00p,orl,ind,206.636363636364,-7.81818181818182
2016-11-14,7:30p,okc,det,202.909090909091,-1.1
2016-11-14,7:30p,dal,nyk,202.363636363636,-4.22727272727273
2016-11-14,8:00p,bkn,nor,211.954545454545,-3.59090909090909
2016-11-14,8:00p,phi,hou,215.863636363636,-11.1818181818182
2016-11-14,8:30p,mia,sas,193.409090909091,-11
2016-11-14,9:00p,mem,uta,189.318181818182,-6.09090909090909
2016-11-14,10:30p,bos,lac,211.909090909091,-16.2727272727273
2016-11-13,3:30p,cha,cle,207.727272727273,-7.18181818181818
2016-11-13,7:00p,lal,min,213.5,-1.58333333333333
2016-11-13,7:00p,orl,okc,203.772727272727,-9.40909090909091
2016-11-13,8:00p,pho,gsw,226.590909090909,-16.5
2016-11-13,9:00p,den,por,216.545454545455,-7.31818181818182
2016-11-12,7:00p,bkn,ind,212.181818181818,-1.77272727272727
2016-11-12,7:00p,lal,nor,201.5,-1.0625
2016-11-12,7:30p,nyk,tor,208.318181818182,-7.54545454545455
2016-11-12,7:30p,phi,atl,206.863636363636,-14.7727272727273
2016-11-12,8:00p,sas,hou,208.5,-1.77272727272727
2016-11-12,8:00p,lac,min,208.318181818182,-5.40909090909091
2016-11-12,8:00p,was,chi,199.863636363636,-9.90909090909091
2016-11-12,8:00p,uta,mia,186.727272727273,-1.40909090909091
2016-11-12,8:30p,mem,mil,201.818181818182,-2.68181818181818
2016-11-12,9:00p,bos,pho,218.045454545455,-5.18181818181818
2016-11-12,9:00p,det,den,202.954545454545,-5.27272727272727
2016-11-11,7:00p,ind,phi,212.818181818182,-5.31818181818182
2016-11-11,7:00p,uta,orl,190.954545454545,-4.68181818181818
2016-11-11,7:00p,cle,was,211.136363636364,-7.45454545454545
2016-11-11,7:00p,tor,cha,202.818181818182,-2
2016-11-11,7:30p,nyk,bkn,215.136363636364,-4.86363636363636
2016-11-11,8:00p,lac,okc,205.863636363636,-4.68181818181818
2016-11-11,8:30p,det,sas,194.409090909091,-9.04545454545454
2016-11-11,10:00p,sac,por,208.363636363636,-6.90909090909091
2016-11-10,8:00p,nor,mil,207.272727272727,-5.40909090909091
2016-11-10,8:00p,chi,mia,200.863636363636,-1.05
2016-11-10,9:00p,gsw,den,222.545454545455,-6.54545454545455
2016-11-10,10:30p,lal,sac,211.227272727273,-5.31818181818182
2016-11-09,7:00p,min,orl,200.954545454545,-2.54545454545455
2016-11-09,7:00p,bos,nyk,214.681818181818,-8
2016-11-09,7:00p,bkn,was,212.454545454545,-1.36363636363636
2016-11-09,7:00p,uta,cha,192.863636363636,-2.95454545454545
2016-11-09,7:00p,phi,ind,211.954545454545,-11.6363636363636
2016-11-09,7:30p,chi,atl,202.863636363636,-3.5
2016-11-09,8:00p,tor,okc,203.590909090909,-3.45454545454545
2016-11-09,9:00p,det,pho,205.909090909091,-4.22727272727273
2016-11-09,9:30p,hou,sas,211.454545454545,-8.5
2016-11-09,10:30p,por,lac,210.409090909091,-10.8636363636364
2016-11-09,10:30p,dal,gsw,206.681818181818,-18.0909090909091
2016-11-08,7:00p,atl,cle,207.909090909091,-7.63636363636364
2016-11-08,7:30p,min,bos,209.136363636364,-4.18181818181818
2016-11-08,8:00p,den,mem,201.909090909091,-3.54545454545455
2016-11-08,10:00p,pho,por,218.818181818182,-8.5
2016-11-08,10:30p,nor,sac,204.954545454545,-6.40909090909091
2016-11-08,10:30p,dal,lal,203.272727272727,-4.27272727272727
2016-11-07,7:00p,ind,cha,205.909090909091,-2.86363636363636
2016-11-07,7:00p,hou,was,219.272727272727,-1
2016-11-07,7:00p,uta,phi,189.590909090909,-5.04545454545455
2016-11-07,8:00p,mia,okc,202.818181818182,-5.68181818181818
2016-11-07,8:00p,orl,chi,199.454545454545,-6.77272727272727
2016-11-07,10:30p,det,lac,197.045454545455,-8.36363636363636
2016-11-07,10:30p,nor,gsw,221.181818181818,-16.5909090909091
2016-11-06,12:00p,uta,nyk,193.045454545455,-2.36363636363636
2016-11-06,3:30p,por,mem,204.181818181818,-1
2016-11-06,6:00p,sac,tor,197.909090909091,-7.40909090909091
2016-11-06,7:00p,mil,dal,199.318181818182,-2.68181818181818
2016-11-06,7:30p,den,bkn,212.272727272727,-7.09090909090909
2016-11-06,9:30p,pho,lal,216.590909090909,-3.90909090909091
2016-11-05,5:00p,min,okc,209.409090909091,-4.77272727272727
2016-11-05,6:00p,den,det,200.454545454545,-4.45454545454545
2016-11-05,6:00p,cle,phi,208.863636363636,-12.1818181818182
2016-11-05,6:00p,was,orl,201.5,-6
2016-11-05,6:00p,chi,ind,210,-3.45454545454545
2016-11-05,6:30p,hou,atl,218.090909090909,-3.13636363636364
2016-11-05,7:00p,sac,mil,202.363636363636,-3.54545454545455
2016-11-05,7:30p,lac,sas,197.454545454545,-4.86363636363636
2016-11-04,6:00p,atl,was,205.5,-1.40909090909091
2016-11-04,6:30p,cha,bos,203.363636363636,-6.40909090909091
2016-11-04,6:30p,mia,tor,201.909090909091,-7.13636363636364
2016-11-04,7:00p,nyk,chi,209.272727272727,-7.5
2016-11-04,7:00p,pho,nor,210.954545454545,-2.45454545454545
2016-11-04,7:00p,lac,mem,197.727272727273,-5.40909090909091
2016-11-04,7:30p,por,dal,208,-2.27272727272727
2016-11-04,8:00p,sas,uta,184,-3.81818181818182
2016-11-04,9:30p,gsw,lal,228.681818181818,-11.5454545454545
2016-11-03,6:00p,sac,orl,199,-1.375
2016-11-03,7:00p,bkn,cle,207.272727272727,-10.4545454545455
2016-11-03,7:00p,den,min,204.318181818182,-3.54545454545455
2016-11-03,7:00p,ind,mil,210.636363636364,-3.04545454545455
2016-11-03,9:30p,okc,gsw,223.045454545455,-11.9
2016-11-02,6:00p,tor,was,205.5,-1.1875
2016-11-02,6:00p,phi,cha,197.090909090909,-12.7727272727273
2016-11-02,6:30p,hou,nyk,218.090909090909,-1.0625
2016-11-02,6:30p,lal,atl,205.545454545455,-11.9545454545455
2016-11-02,6:30p,det,bos,204.272727272727,-4.27272727272727
2016-11-02,7:00p,nor,mem,206.727272727273,-5.09090909090909
2016-11-02,7:00p,chi,bkn,207.545454545455,-3.27272727272727
2016-11-02,8:00p,dal,uta,186.454545454545,-3.31818181818182
2016-11-02,9:00p,por,pho,216.318181818182,-2.77272727272727
2016-11-02,9:30p,okc,lac,208.772727272727,-7
2016-11-01,5:00p,hou,cle,217.272727272727,-9.40909090909091
2016-11-01,6:00p,lal,ind,213.5,-9
2016-11-01,6:00p,orl,phi,198.681818181818,-5.09090909090909
2016-11-01,6:30p,nyk,det,202.045454545455,-3.63636363636364
2016-11-01,6:30p,sac,mia,199.318181818182,-3.54545454545455
2016-11-01,7:00p,mem,min,198.090909090909,-6.95454545454545
2016-11-01,7:00p,mil,nor,204.409090909091,-3.45454545454545
2016-11-01,7:30p,uta,sas,186.454545454545,-9.86363636363636
2016-11-01,9:00p,gsw,por,226,-5.81818181818182
2016-10-31,6:30p,den,tor,206.318181818182,-6.63636363636364
2016-10-31,6:30p,chi,bos,209.727272727273,-6.09090909090909
2016-10-31,6:30p,sac,atl,202.954545454545,-7.13636363636364
2016-10-31,9:30p,pho,lac,205.318181818182,-12
2016-10-30,3:30p,uta,lac,190.045454545455,-7.54545454545455
2016-10-30,5:00p,gsw,pho,226.318181818182,-11.6363636363636
2016-10-30,5:00p,mil,det,197.318181818182,-7.31818181818182
2016-10-30,5:00p,sas,mia,194.181818181818,-6.54545454545455
2016-10-30,6:00p,lal,okc,215.727272727273,-8.5
2016-10-30,7:00p,was,mem,204.272727272727,-3.31818181818182
2016-10-30,7:00p,dal,hou,214.227272727273,-5.27272727272727
2016-10-29,11:30a,atl,phi,201.818181818182,-7.86363636363636
2016-10-29,6:00p,bkn,cha,202.590909090909,-2.86363636363636
2016-10-29,6:30p,orl,cle,205.136363636364,-10.8636363636364
2016-10-29,6:30p,mem,nyk,198.772727272727,-3.04545454545455
2016-10-29,7:00p,bos,mil,205.409090909091,-7.77272727272727
2016-10-29,7:00p,ind,chi,209.681818181818,-3.5
2016-10-29,7:00p,nor,sas,203.818181818182,-13.8181818181818
2016-10-29,8:00p,por,den,212.227272727273,-1.45454545454545
2016-10-29,9:30p,min,sac,203.318181818182,-1
2016-10-28,6:00p,cle,tor,205.363636363636,-2.63636363636364
2016-10-28,6:30p,orl,det,195.772727272727,-3.90909090909091
2016-10-28,6:30p,ind,bos,218.136363636364,-5.95454545454545
2016-10-28,7:00p,pho,okc,209.409090909091,-7.90909090909091
2016-10-28,7:00p,cha,mia,196.954545454545,-1.45454545454545
2016-10-28,7:30p,hou,dal,219.045454545455,-1.90909090909091
2016-10-28,8:00p,lal,uta,201.318181818182,-9.04545454545454
2016-10-28,8:30p,gsw,nor,222.863636363636,-12
2016-10-27,6:30p,was,atl,202.681818181818,-3.77272727272727
2016-10-27,7:00p,bkn,chi,208.909090909091,-1.22727272727273
2016-10-27,9:30p,lac,por,209.636363636364,-2.5
2016-10-27,9:30p,sas,sac,203.545454545455,-7.59090909090909
2016-10-26,6:00p,mia,orl,199.636363636364,-3.13636363636364
2016-10-26,6:00p,dal,ind,204.136363636364,-5.5
2016-10-26,6:30p,det,tor,197.136363636364,-6.5
2016-10-26,6:30p,bos,bkn,211.818181818182,-11.7727272727273
2016-10-26,7:00p,min,mem,199.272727272727,-1.63636363636364
2016-10-26,7:00p,cha,mil,195.318181818182,-1.55
2016-10-26,7:00p,okc,phi,209.590909090909,-8.90909090909091
2016-10-26,7:00p,den,nor,206.409090909091,-1.72727272727273
2016-10-26,9:00p,sac,pho,211.954545454545,-3
2016-10-26,9:30p,hou,lal,223.727272727273,-5.95454545454545
2016-10-25,6:30p,nyk,cle,205.409090909091,-9.27272727272727
2016-10-25,9:00p,uta,por,192.136363636364,-5.90909090909091
2016-10-25,9:30p,sas,gsw,211.772727272727,-8.13636363636364
